{"perf/elapsed_hours":0.030332069728109572,"perf/steps_per_sec":1.8315779701655521,"_wandb":{"runtime":115},"_runtime":115.150620251,"_timestamp":1.7769184655069191e+09,"_step":200,"train/loss":0.5647071599960327,"train/lr":1.0045000000000003e-05}