{"train/loss":0.6326184272766113,"train/lr":1.5042500000000016e-05,"_wandb":{"runtime":166},"_runtime":166.902788986,"perf/elapsed_hours":0.04582473860846625,"perf/steps_per_sec":1.8185228062384016,"_timestamp":1.7769182781866035e+09,"_step":300}